acc_test,Precision,Recall,F1_score,auc,kappa,mathew_coef,model_name,model,dataset,subject,acc_train,acc_val
0.453023758099352,0.3888955159870367,0.453023758099352,0.410216294303667,0.5503189835415215,0.12084309418828654,0.12586342388579247,HopefullNet,HopefullNet,Motor Imaginary,All,0.9338997006416321,0.47055646777153015
0.4055075593952484,0.4579377504553525,0.4055075593952484,0.42158868709928077,0.5029271430869029,0.19755092017586529,0.2014037594310454,EEGNet,EEGNet,Motor Imaginary,All,0.4274002015590668,0.41166937351226807
0.38876889848812096,0.45409642444565096,0.38876889848812096,0.40506299753119374,0.5312268803945747,0.1819162336517014,0.18793724942986842,ShallowConvNet,ShallowConvNet,Motor Imaginary,All,0.4287756085395813,0.38789844512939453
0.31965442764578833,0.44629218162219103,0.31965442764578833,0.33187924987715695,0.4988219053235404,0.14665457451029507,0.15920402491248561,DeepConvNet,DeepConvNet,Motor Imaginary,All,0.4478425085544586,0.33387356996536255
