model,dataset,subject,acc_train,acc_val,acc_test
Transformer Positional,Motor Imaginary,All,0.7471098303794861,0.7021697759628296,0.6957774376519312
Transformer,Motor Imaginary,All,0.7825062870979309,0.6595840454101562,0.6847033402358873
