model,dataset,subject,acc_train,acc_val,acc_test
HopefullNet,Motor Imaginary,All,0.9388304352760315,0.9817232489585876,0.9811830377239579
ShallowConvNet,Motor Imaginary,All,0.35297104716300964,0.366255521774292,0.3650850814801477
EEGNet,Motor Imaginary,All,0.3591513931751251,0.3502295911312103,0.3563518501845683
DeepConvNet,Motor Imaginary,All,0.3593401610851288,0.2818942964076996,0.2885567660034213
