acc_test,Precision,Recall,F1_score,auc,kappa,mathew_coef,model_name,model,dataset,subject,acc_train,acc_val
0.46652267818574517,0.42179475228996266,0.46652267818574517,0.43820244315219864,0.6042499865973302,0.17072171452293894,0.17373718900404223,HopefullNet,HopefullNet,Motor Imaginary,All,0.6357605457305908,0.42625609040260315
0.4470842332613391,0.43471129647207674,0.4470842332613391,0.43836084786543583,0.5743513107811076,0.1832333647874992,0.18396430268608646,EEGNet,EEGNet,Motor Imaginary,All,0.382766991853714,0.43976229429244995
0.43358531317494603,0.41900185936421575,0.43358531317494603,0.4222105973278087,0.5583284190210691,0.15351105371261653,0.15458247762325358,ShallowConvNet,ShallowConvNet,Motor Imaginary,All,0.384250283241272,0.4208535850048065
0.28833693304535635,0.4556946661514825,0.28833693304535635,0.30206630367429177,0.5832761486088028,0.12326921046185269,0.13635411968440944,DeepConvNet,DeepConvNet,Motor Imaginary,All,0.3971952497959137,0.2868719696998596
