acc_test,Precision,Recall,F1_score,auc,kappa,mathew_coef,model_name,model,dataset,subject,acc_train,acc_val
0.41846652267818574,0.4375291881871888,0.41846652267818574,0.4227757885240821,0.5850479815579264,0.1785982992991375,0.18031394796670477,Transformer,Transformer,Motor Imaginary,All,0.309034526348114,0.36196649074554443
0.38930885529157666,0.4351009227791797,0.38930885529157666,0.40599434465381895,0.5444432530960167,0.16056093733218124,0.16263545048840344,Transformer Pos Enc,Transformer Pos Enc,Motor Imaginary,All,0.4976537227630615,0.3662884831428528
