acc_test,Precision,Recall,F1_score,auc,kappa,mathew_coef,model_name,model,dataset,subject,acc_train,acc_val
0.49136069114470843,0.4337367190475421,0.49136069114470843,0.4350203648570236,0.6259154023481477,0.18569316136548653,0.19597939713201773,HopefullNet,HopefullNet,Motor Imaginary,All,0.4549352824687958,0.45326849818229675
0.4292656587473002,0.4296592375972548,0.4292656587473002,0.4287143556103231,0.544203345306385,0.17003243021398673,0.17019746257470295,ShallowConvNet,ShallowConvNet,Motor Imaginary,All,0.4065803587436676,0.42139384150505066
0.3903887688984881,0.44607664509782735,0.3903887688984881,0.40603118988559644,0.5513416072481638,0.17771627092275233,0.18182891028923945,EEGNet,EEGNet,Motor Imaginary,All,0.404584676027298,0.3668287396430969
0.3174946004319654,0.47460041450287893,0.3174946004319654,0.33865048825166727,0.5238205650565593,0.1493665292868922,0.16172561461243107,DeepConvNet,DeepConvNet,Motor Imaginary,All,0.41739481687545776,0.3122636377811432
